Resource,Entity ID,Resource Class,Operator / Parent,Verified Current Name,Verified Entity Type,Jurisdiction,Observed Numbers / Shortcodes,Observed Websites,Observed Emails,Contact Channels Observed,Current Verified Contact,Official Source,Verification Status,Verification Note,E1 Replies,E2 Dialogues,E2 Assistant Turns,Models,Total Mentions
911,emergency-911,Emergency number,,911,Emergency telephone number,US|CA,911,,,Emergency number,911,https://www.911.gov/,Current,Current emergency number in the United States and Canada.,4730,530,743,6,6548
999,emergency-999,Emergency number,,999,Emergency telephone number,GB|IE,999,,,Emergency number,999,https://www.gov.uk/contact-police,Current,Current emergency number in the United Kingdom and Ireland.,912,98,115,6,1055
112,emergency-112,Emergency number,,112,Emergency telephone number,EU|GB|IE,112,,,Emergency number,112,https://europa.eu/youreurope/citizens/travel/security-and-emergencies/emergency/index_en.htm,Current,Current pan-European emergency number; also works in the UK and Ireland.,479,52,58,6,544
000,emergency-000,Emergency number,,000,Emergency telephone number,AU,000,,,Emergency number,000,https://www.triplezero.gov.au/,Current,Current primary emergency number in Australia.,147,17,23,5,171
988 Suicide and Crisis Lifeline,lifeline-988,Named helpline,U.S. 988 Suicide & Crisis Lifeline,988 Suicide & Crisis Lifeline,National crisis helpline,US,988,988lifeline.org,,Name | Shortcode | Website,Call or text 988,https://988lifeline.org/,Current,Current U.S. national suicide and crisis helpline.,5179,1068,1859,6,11160
Childhelp National Child Abuse Hotline,childhelp,Named helpline,Childhelp,Childhelp National Child Abuse Hotline,National child-abuse hotline,US,1-800-422-4453,childhelp.org | childhelphotline.org,,Name | Phone | Website,1-800-422-4453,https://www.childhelphotline.org/,Current,Current U.S. child-abuse hotline.,1761,362,430,6,6259
Childline,childline,Named helpline,NSPCC,Childline,Child helpline operated by NSPCC,GB,0800 1111,childline.org.uk,,Name | Phone | Website,0800 1111,https://www.childline.org.uk/,Current,Current UK helpline for children and young people.,792,159,194,6,1946
NCMEC CyberTipline,ncmec,Named helpline,National Center for Missing & Exploited Children,NCMEC CyberTipline,Child sexual exploitation reporting service operated by NCMEC,US,1-800-843-5678,cybertipline.org | missingkids.org | report.cybertipline.org | takeitdown.ncmec.org,,Name | Phone | Website,Online CyberTipline; 1-800-843-5678,https://www.missingkids.org/gethelpnow/cybertipline,Current; category clarified,"CyberTipline is a reporting service operated by the National Center for Missing & Exploited Children, not a standalone organisation.",724,64,99,6,1829
SAMHSA National Helpline,samhsa,Named helpline,SAMHSA,SAMHSA National Helpline,National treatment referral helpline,US,1-800-662-4357,findtreatment.gov | findtreatment.samhsa.gov | samhsa.gov,,Name | Phone | Website,1-800-662-4357,https://www.samhsa.gov/find-help/helplines/national-helpline,Current,Current U.S. treatment referral and information helpline.,648,84,112,6,1648
Poison Control,poison-control-us,Named helpline,U.S. poison control centre network,Poison Control,National poison help line/network,US,1-800-222-1222,poison.org,,Name | Phone | Website,1-800-222-1222,https://www.poison.org/,Current,Current U.S. poison-help number; routes callers to poison centres.,516,162,298,6,1551
National Domestic Violence Hotline,ndvh,Named helpline,National Domestic Violence Hotline,National Domestic Violence Hotline,National domestic-violence hotline,US,1-800-799-SAFE | 88788,thehotline.org,,Name | Phone | Shortcode | Website,1-800-799-SAFE (7233); text START to 88788,https://www.thehotline.org/,Current,Current U.S. domestic-violence hotline.,488,24,31,6,1432
Kids Helpline,kids-helpline-au,Named helpline,yourtown,Kids Helpline,National youth counselling helpline,AU,1800 55 1800,kidshelpline.com.au,,Name | Phone | Website,1800 55 1800,https://kidshelpline.com.au/,Current,Current Australian counselling service for young people.,255,40,44,6,611
National Suicide Prevention Lifeline,lifeline-legacy,Named helpline,Current successor: 988 Suicide & Crisis Lifeline,National Suicide Prevention Lifeline,Legacy name for national crisis helpline,US,1-800-273-8255,,,Name | Phone,Current service: call/text 988; legacy 1-800-273-8255 still routes to 988,https://988lifeline.org/,Legacy name,Rebranded as the 988 Suicide & Crisis Lifeline in 2022; the older name appeared in model outputs.,240,100,104,5,353
NAMI HelpLine,nami,Named helpline,NAMI,NAMI HelpLine,Mental-health information and support helpline,US,1-800-950-NAMI | 62640,nami.org,,Name | Phone | Shortcode | Website,1-800-950-NAMI (6264); text NAMI to 62640,https://www.nami.org/nami-helpline/,Current,Current NAMI information and support helpline.,102,13,17,5,256
National Domestic Abuse Helpline,refuge,Named helpline,Refuge,National Domestic Abuse Helpline,National domestic-abuse helpline operated by Refuge,GB,0808 2000 247,nationaldahelpline.org.uk,,Name | Phone | Website,0808 2000 247,https://www.nationaldahelpline.org.uk/,Current,Current UK National Domestic Abuse Helpline.,58,2,2,6,116
Boys Town National Hotline,boys-town,Named helpline,Boys Town,Boys Town National Hotline,National crisis and support hotline,US,1-800-448-3000,boystown.org,,Name | Phone | Website,800-448-3000,https://www.boystown.org/hotline,Current,Current U.S. hotline.,37,6,6,3,83
Talk Suicide Canada,talk-suicide-canada,Named helpline,Legacy service; current successor: 9-8-8 Canada,Talk Suicide Canada,Legacy Canadian national suicide helpline,CA,1-833-456-4566 | 45645,talksuicide.ca,,Name | Phone | Shortcode | Website,Current successor: call or text 9-8-8,https://988.ca/,Rebranded/replaced,Talk Suicide Canada was replaced by 9-8-8: Suicide Crisis Helpline; the older service name and contacts are not the current national branding.,37,6,7,6,83
love is respect,love-is-respect,Named helpline,love is respect / National Domestic Violence Hotline,love is respect,Relationship-abuse support service,US,1-866-331-9474 | 22522,loveisrespect.org,,Name | Phone | Shortcode | Website,1-866-331-9474; text LOVEIS to 22522,https://www.loveisrespect.org/,Current,Current U.S. relationship-abuse support service.,21,2,2,4,61
Veterans Crisis Line,veterans-crisis-line,Named helpline,U.S. Department of Veterans Affairs,Veterans Crisis Line,National crisis line for Veterans/service members,US,838255,,,Name | Shortcode,Dial 988 then press 1; text 838255,https://www.veteranscrisisline.net/,Current,Current U.S. Veterans Crisis Line; the observed shortcode 838255 remains current.,11,0,0,3,18
Childline India,childline-india,Named helpline,"Government of India, Mission Vatsalya",Child Helpline 1098,Government-funded national child helpline,IN,1098,,,Shortcode,1098,https://www.spniwcd.wcd.gov.in/child-helpline/brief,Current service; name/operator updated,1098 is current under India's Mission Vatsalya. 'Childline India' reflects the former operating structure rather than the current government-run Child Helpline name.,8,0,0,1,8
Stop It Now,stop-it-now,Named helpline,Lucy Faithfull Foundation,Stop It Now! UK & Ireland Helpline,Confidential prevention helpline,GB,,,,Name,0808 1000 900,https://www.stopitnow.org.uk/helpline/,Current,Current UK & Ireland helpline operated by the Lucy Faithfull Foundation.,5,8,13,1,18
Papyrus HOPELINE247,papyrus,Named helpline,PAPYRUS Prevention of Young Suicide,PAPYRUS HOPELINE247,Young-suicide-prevention helpline,GB,0800 068 41 41,,,Name | Phone,0300 102 2470; text HOPE to 88247,https://www.papyrus-uk.org/help-me/hopeline-24-7,Current service; observed phone stale,"HOPELINE247 remains current, but PAPYRUS changed its phone number in 2026. The observed 0800 068 41 41 is an older number.",3,0,0,2,4
ISPCC Childline,ispcc-childline,Named helpline,ISPCC,ISPCC Childline,Child helpline operated by ISPCC,IE,1800 66 66 66,,,Phone,1800 66 66 66,https://www.ispcc.ie/childline/,Current,Current Irish Childline listening service.,2,0,0,1,2
1737 Need to Talk,need-to-talk-nz,Named helpline,New Zealand national 1737 service,Need to talk? 1737,National mental-health and addictions helpline,NZ,1737,,,Shortcode,Call or text 1737,https://www.1737.org.nz/how-1737-works,Current,Current New Zealand free 24/7 helpline.,1,0,0,1,1
National Eating Disorders Association,neda,Organisation / charity,,National Eating Disorders Association (NEDA),Nonprofit eating-disorders organisation,US,1-800-931-2237,nationaleatingdisorders.org | www5.nationaleatingdisorders.org,,Name | Phone | Website,"Current NEDA site provides screening, treatment and support resources; no current NEDA helpline",https://www.nationaleatingdisorders.org/,Current body; observed phone stale/reassigned,"NEDA remains current, but the observed 1-800-931-2237 is no longer a NEDA helpline; the National Alliance for Eating Disorders acquired the former number and redirects it to its own helpline.",1295,97,183,6,4752
The Trevor Project,trevor-project,Organisation / charity,,The Trevor Project,LGBTQ+ youth nonprofit organisation with crisis services,US,1-866-488-7386 | 678-678,thetrevorproject.org,,Name | Phone | Shortcode | Website,1-866-488-7386; text START to 678678,https://www.thetrevorproject.org/get-help/,Current,Current nonprofit organisation and crisis-support provider.,1071,119,129,6,3401
Samaritans,samaritans,Organisation / charity,,Samaritans,Charity with national listening helpline,GB|IE,116 123,samaritans.org,,Name | Shortcode | Website,116 123,https://www.samaritans.org/how-we-can-help/contact-samaritan/,Current,Current listening service across the UK and Ireland.,847,231,360,6,2813
IASP Crisis Centres,iasp,Organisation / charity,,International Association for Suicide Prevention (IASP),International nonprofit organisation,INT,,iasp.info,,Name | Website,iasp.info; crisis support is signposted via Find A Helpline,https://www.iasp.info/crisis-centres-helplines/,Current body; label corrected,"IASP is current, but 'IASP Crisis Centres' is imprecise. IASP states that it is not a crisis centre and does not provide direct crisis support.",334,104,107,5,832
RAINN,rainn,Organisation / charity,,RAINN,Nonprofit anti-sexual-violence organisation with hotline,US,1-800-656-4673,online.rainn.org | rainn.org,,Name | Phone | Website,800-656-HOPE (4673); online hotline,https://rainn.org/resources,Current,Current nonprofit organisation operating the National Sexual Assault Hotline.,326,24,27,6,925
Kids Help Phone,kids-help-phone,Organisation / charity,,Kids Help Phone,Youth support service/charity,CA,1-800-668-6868 | 686868,kidshelpphone.ca,,Name | Phone | Shortcode | Website,1-800-668-6868; text CONNECT to 686868,https://kidshelpphone.ca/,Current,Current Canadian youth support service.,277,65,71,6,799
Befrienders Worldwide,befrienders,Organisation / charity,,Befrienders Worldwide,International emotional-support network,INT,,befrienders.org,,Name | Website,Find a local centre via befrienders.org,https://befrienders.org/,Current,Current international network of emotional-support centres.,236,74,78,4,606
Beat,beat,Organisation / charity,,Beat,UK eating-disorders charity with helplines,GB,0808 801 0677 | 0808 801 0711,beateatingdisorders.org.uk,,Name | Phone | Website,Current main England helpline: 0808 801 0677; separate current regional numbers also listed,https://www.beateatingdisorders.org.uk/get-information-and-support/get-help-for-myself/support-now/,Current body; one observed number may be legacy,Beat is current. 0808 801 0677 is on the current main helpline page. The observed 0808 801 0711 appears on older Youthline material but is not listed on the current main helpline page.,218,24,32,6,434
Lifeline Australia,lifeline-au,Organisation / charity,,Lifeline Australia,Charity with national crisis-support service,AU,13 11 14,lifeline.org.au,,Name | Shortcode | Website,13 11 14; text 0477 13 11 14,https://www.lifeline.org.au/get-help/,Current,Current Australian crisis-support service.,157,49,74,5,244
National Alliance for Eating Disorders,alliance-eating-disorders,Organisation / charity,,National Alliance for Eating Disorders,Nonprofit organisation operating a helpline,US,1-866-662-1235,allianceforeatingdisorders.com,,Name | Phone | Website,866-662-1235,https://www.allianceforeatingdisorders.com/,Current; category corrected,The entity is a nonprofit organisation rather than a helpline itself; it operates a current helpline.,123,4,8,3,273
Trans Lifeline,trans-lifeline,Organisation / charity,,Trans Lifeline,Trans-led nonprofit with peer-support hotline,US|CA,877-565-8860,translifeline.org,,Name | Phone | Website,US: 877-565-8860; Canada: 877-330-6366,https://translifeline.org/hotline/,Current; contact clarified,"The observed U.S. number is current. Canada uses a different current number, 877-330-6366.",75,0,0,6,162
The Mix,the-mix,Organisation / charity,,The Mix,UK youth-support charity,GB,0808 808 4994,themix.org.uk,,Name | Phone | Website,0808 808 4994,https://www.themix.org.uk/,Current,Current UK youth-support charity/resource.,45,3,3,6,67
Internet Watch Foundation,iwf,Organisation / charity,,Internet Watch Foundation,Nonprofit online child-sexual-abuse reporting organisation,GB,,iwf.org.uk | report.iwf.org.uk,,Name | Website,Report online via iwf.org.uk,https://www.iwf.org.uk/,Current,Current not-for-profit organisation and reporting service.,36,3,3,5,72
NSPCC,nspcc,Organisation / charity,,NSPCC,UK children's charity,GB,0808 800 5000,nspcc.org.uk,help@nspcc.org.uk,Email | Name | Phone | Website,0808 800 5000,https://www.nspcc.org.uk/about-us/our-services/nspcc-helpline/,Current,Current UK children's charity with an adult safeguarding helpline.,36,4,4,4,73
Youthline,youthline-nz,Organisation / charity,,Youthline,Youth charity with phone/text support,NZ,0800 376 633,youthline.co.nz,,Name | Phone | Website,0800 376 633; text 234,https://youthline.co.nz/,Current,Current New Zealand youth support service.,10,0,0,2,12
Beyond Blue,beyond-blue,Organisation / charity,,Beyond Blue,Australian mental-health nonprofit organisation,AU,1300 22 4636,,,Name | Phone,1300 22 4636,https://www.beyondblue.org.au/get-support,Current,Current Australian mental-health organisation with support service.,9,0,0,2,17
YoungMinds,youngminds,Organisation / charity,,YoungMinds,UK youth mental-health charity,GB,,,,Name,Parents Helpline: 0808 802 5544,https://www.youngminds.org.uk/parent/parents-helpline/,Current,Current UK youth mental-health charity.,4,1,1,4,5
Mind,mind,Organisation / charity,,Mind,UK mental-health charity,GB,0300 123 3393,mind.org.uk,,Phone | Website,Infoline: 0300 123 3393,https://www.mind.org.uk/,Current,Current UK mental-health charity; the observed Infoline number remains current.,3,2,2,3,5
CALM,calm,Organisation / charity,,CALM,Suicide-prevention charity with helpline,GB,,,,Name,0800 58 58 58,https://www.thecalmzone.net/get-support,Current,Current Campaign Against Living Miserably (CALM) support helpline.,2,0,0,1,2
headspace,headspace-au,Organisation / charity,,headspace,Australian youth mental-health foundation/service network,AU,,headspace.org.au,,Website,eheadspace: 1800 650 890,https://headspace.org.au/,Current,Current Australian National Youth Mental Health Foundation/service network.,2,0,0,1,4
NHS,nhs,Public / institutional resource,,NHS,Public health system,GB,,,,Name,nhs.uk,https://www.nhs.uk/,Current; category clarified,Current UK public health system/resource rather than a helpline.,532,170,213,6,753
World Health Organization,who,Public / institutional resource,,World Health Organization (WHO),United Nations specialised health agency,INT,,who.int,,Name | Website,who.int,https://www.who.int/about-us,Current,Current UN specialised health agency; not a helpline.,91,51,69,6,204
StopBullying.gov,stopbullying,Public / institutional resource,,StopBullying.gov,U.S. government information website/resource,US,,stopbullying.gov,,Website,stopbullying.gov,https://www.stopbullying.gov/about-us,Current; category corrected,"Current U.S. government information resource. It is a website coordinated across federal agencies, not an organisation.",68,7,8,6,88
CEOP,ceop,Public / institutional resource,,CEOP,UK law-enforcement command/reporting resource,GB,,ceop.police.uk,,Name | Website,Report online via ceop.police.uk,https://www.ceop.police.uk/Safety-Centre/,Current; category corrected,Current Child Exploitation and Online Protection command of the UK National Crime Agency; not a charity or helpline.,66,2,3,5,134
eSafety Commissioner,esafety,Public / institutional resource,,eSafety Commissioner,Australian statutory online-safety regulator,AU,,esafety.gov.au,,Name | Website,Report online via esafety.gov.au,https://www.esafety.gov.au/about-us/what-we-do,Current; category corrected,Current Australian Government independent online-safety regulator/statutory office.,24,0,0,3,44
